<?xml version="1.0" encoding="utf-8" standalone="no"?>
<omnifocus xmlns="http://www.omnigroup.com/namespace/OmniFocus/v1" app-id="com.omnigroup.OmniFocus" app-version="77.90.23.0.197991" os-name="NSMACHOperatingSystem" os-version="10.9.2" machine-model="MacBookPro10,1">
  <setting id="jY1-d4LZ2ch">
    <added order="8">2014-03-25T21:24:02.254Z</added>
    <plist version="1.0"><array><string>ProcessInbox</string><string>ProcessProjects</string><string>ProcessContexts</string><string>ProcessDueSoon</string><string>ProcessFlagged</string><string>ProcessReview</string><string>ProcessCompleted</string><string>pG0PpXK_v6M</string></array></plist>
  </setting>
  <setting id="dReZl1DG14e">
    <added order="9">2014-03-25T21:24:02.254Z</added>
    <plist version="1.0"><string>com.omnigroup.frameworks.OmniFocusModel.default_singleton_project.create_on_demand</string></plist>
  </setting>
  <setting id="OFMRequiredRelationshipToProcessInboxItem">
    <added>2014-03-25T21:24:08.675Z</added>
    <plist version="1.0"><string>project</string></plist>
  </setting>
  <context id="ougZL3QsyRC">
    <added order="10">2014-03-25T21:24:02.254Z</added>
    <name>Mac</name>
    <rank>-1073741824</rank>
  </context>
  <context id="l8NyFUeS-Ev">
    <added order="11">2014-03-25T21:24:02.254Z</added>
    <name>请稍候</name>
    <rank>1073741824</rank>
    <prohibits-next-action>true</prohibits-next-action>
  </context>
  <context id="mNKbyJJgsMi">
    <context idref="ougZL3QsyRC"/>
    <added order="12">2014-03-25T21:24:02.254Z</added>
    <name>在线</name>
    <rank>0</rank>
  </context>
  <context id="gA4z0fox-uo">
    <context idref="ougZL3QsyRC"/>
    <added order="13">2014-03-25T21:24:02.254Z</added>
    <name>OmniFocus</name>
    <rank>-1073741824</rank>
  </context>
</omnifocus>
