<?xml version="1.0" encoding="utf-8" standalone="no"?>
<omnifocus xmlns="http://www.omnigroup.com/namespace/OmniFocus/v1" app-id="com.omnigroup.OmniFocus2" app-version="87.0.209273" os-name="NSMACHOperatingSystem" os-version="10.9.2" machine-model="MacBookPro10,1">
  <task id="jMDlkGu0Wov">
    <task idref="ptKrTqw4G-q"/>
    <added order="14">2014-03-25T21:24:02.254Z</added>
    <modified>2014-05-08T22:54:01.431Z</modified>
    <name>欢迎使用 OmniFocus 2！如果这是您第一次使用该应用程序，请查看我们汇集的资源，帮助您入门。或者，直接进入程序，开始探索。</name>
    <rank>-2102744406</rank>
    <order>parallel</order>
  </task>
  <task id="i93xSw0SO69">
    <task idref="ptKrTqw4G-q"/>
    <added order="15">2014-03-25T21:24:02.254Z</added>
    <modified>2014-05-08T21:13:30.871Z</modified>
    <name>了解有关 OmniFocus 的更多信息</name>
    <rank>-2058005163</rank>
    <order>parallel</order>
  </task>
  <task id="ptKrTqw4G-q">
    <project>
      <last-review>2013-03-25T07:00:00.000Z</last-review>
      <next-review>2013-04-01T07:00:00.000Z</next-review>
      <review-interval>@1w</review-interval>
    </project>
    <added order="17">2014-03-25T21:24:02.254Z</added>
    <modified>2014-06-05T19:33:42.902Z</modified>
    <name>OmniFocus 入门</name>
    <rank>0</rank>
    <order>parallel</order>
  </task>
  <task id="d_1PT-YQLx2">
    <task idref="g9S6wsxJZCW"/>
    <added order="18">2014-03-25T21:24:02.254Z</added>
    <modified>2014-05-08T22:38:40.543Z</modified>
    <name>使用右侧的检查器编辑详细动作。</name>
    <note>
      <text><p><run><lit>如果检查器不可见，请点按 </lit></run><run><style><value key="font-family">Approxima Nova</value><value key="font-weight">9</value></style><lit>工具栏中的“检查器”</lit></run><run><lit> 或从“显示”菜单选择 </lit></run><run><style><value key="font-family">Approxima Nova</value><value key="font-weight">9</value></style><lit>“显示检查器”</lit></run><run><lit> 以显示出检查器。</lit></run></p></text>
    </note>
    <rank>1789569703</rank>
    <order>parallel</order>
  </task>
  <task id="g9S6wsxJZCW">
    <task idref="ptKrTqw4G-q"/>
    <added order="19">2014-03-25T21:24:02.254Z</added>
    <modified>2014-06-05T19:31:07.640Z</modified>
    <name>开始添加任务和待办事项</name>
    <rank>-2080374784</rank>
    <order>parallel</order>
  </task>
  <task id="dciH_5jlf5P">
    <task idref="g9S6wsxJZCW"/>
    <added order="20">2014-03-25T21:24:02.254Z</added>
    <modified>2014-05-08T23:00:48.769Z</modified>
    <name>从“文件”菜单选择“新建项目”以创建新的项目。</name>
    <note>
      <text><p><run><lit>也可以使用底部工具栏中的加号按钮，或选择工具条中的现有项目，然后按“返回”。</lit></run></p></text>
    </note>
    <rank>-1789569707</rank>
    <order>parallel</order>
  </task>
  <task id="dYFtxVXDzRi">
    <task idref="i93xSw0SO69"/>
    <added order="22">2014-03-25T21:24:02.254Z</added>
    <modified>2014-05-08T23:21:49.392Z</modified>
    <name>请访问 OmniFocus 官方网站，观看简介视频，查看支持文章以及其他海量资源。</name>
    <note>
      <text><p><run><style><value key="font-family">Approxima Nova</value><value key="link">http://www.omnigroup.com/video/omnifocus/</value></style><lit>OmniFocus 视频</lit></run></p><p/><p><run><style><value key="font-family">Approxima Nova</value><value key="link">http://support.omnigroup.com/omnifocus</value></style><lit>OmniFocus 支持</lit></run></p></text>
    </note>
    <rank>-1431655766</rank>
    <order>parallel</order>
  </task>
  <task id="kgWbsjxVQbh">
    <task idref="g9S6wsxJZCW"/>
    <added order="23">2014-03-25T21:24:02.254Z</added>
    <modified>2014-05-08T22:57:32.925Z</modified>
    <name>点按右侧的项状态圈，可将该项标记为“已完成”。</name>
    <note>
      <text><p><run><lit>或者，选中项并按删除键，可将该项从 OmniFocus 完全删除。</lit></run></p></text>
    </note>
    <rank>1073741821</rank>
    <order>parallel</order>
  </task>
  <task id="mkhn9FEVvtI">
    <task idref="i93xSw0SO69"/>
    <added order="26">2014-03-25T21:24:02.254Z</added>
    <modified>2014-05-08T21:42:57.772Z</modified>
    <name>最后一个要点，请访问 OmniFocus 论坛与其他用户分享您的真知灼见。</name>
    <note>
      <text><p><run><style><value key="font-family">Approxima Nova</value><value key="font-fill"><color r="0.329412" g="0.329412" b="0.329412"/></value><value key="link">http://www.omnigroup.com/forward/omnifocusforums</value><value key="paragraph-alignment">left</value></style><lit>OmniFocus 论坛</lit></run></p></text>
    </note>
    <rank>357913941</rank>
    <order>parallel</order>
  </task>
  <task id="dJgGtnVPjQ8">
    <task idref="i93xSw0SO69"/>
    <added>2014-05-08T20:56:31.584Z</added>
    <modified>2014-05-08T23:22:10.681Z</modified>
    <name>查看“深入了解 OmniFocus”— 该知识库分享某些十分聪明的用户如何使用 OmniFocus 创造杰出作品。</name>
    <note>
      <text><p><run><style><value key="font-family">Approxima Nova</value><value key="link">http://inside.omnifocus.com/</value></style><lit>http://inside.omnifocus.com</lit></run></p></text>
    </note>
    <rank>-536870912</rank>
    <order>parallel</order>
  </task>
  <task id="bACWCZn-mmz">
    <task idref="i93xSw0SO69"/>
    <added>2014-05-08T20:58:47.220Z</added>
    <modified>2014-05-08T22:49:51.664Z</modified>
    <name>请首先查看应用程序内的帮助，了解 OmniFocus 如何帮助您的组织并完成您的目标。</name>
    <note>
      <text><p><run><lit>还可从 iBookstore 免费下载帮助的电子书版本，用户可在其中精确搜索所需要的帮助。</lit></run></p></text>
    </note>
    <rank>-1789569707</rank>
    <order>parallel</order>
  </task>
  <task id="asBOH9cgfbp">
    <task idref="ptKrTqw4G-q"/>
    <added>2014-05-08T21:23:52.018Z</added>
    <modified>2014-05-08T23:19:09.101Z</modified>
    <name>点按此项标题旁边的附注图标，查看项的更多相关信息。附注中还有关于其他教学课程项的有用信息！</name>
    <note>
      <text><p><run><lit>您可以使用 </lit></run><run><style><value key="font-family">Approxima Nova</value><value key="font-weight">9</value></style><lit>“显示”菜单中的“显示/隐藏所有附注” </lit></run><run><lit>来显示和隐藏所有附注。</lit></run></p></text>
    </note>
    <rank>-2091559595</rank>
    <order>parallel</order>
  </task>
  <task id="f40Vb-SmZYA">
    <task idref="g9S6wsxJZCW"/>
    <added>2014-05-08T21:35:42.237Z</added>
    <modified>2014-05-08T22:35:34.443Z</modified>
    <name>点按工具栏中的“新建动作”可为此项目添加动作。</name>
    <note>
      <text><p><run><lit>还可以按“返回”添加新动作，或从“文件”菜单 </lit></run><run><style><value key="font-family">Approxima Nova</value><value key="font-weight">9</value></style><lit>中选择</lit></run><run><lit> “新建动作”。</lit></run></p></text>
    </note>
    <rank>-1968526678</rank>
    <order>parallel</order>
  </task>
  <task id="mlVtzIsnOPF">
    <task idref="g9S6wsxJZCW"/>
    <added>2014-06-05T19:27:07.420Z</added>
    <modified>2014-06-05T19:33:42.902Z</modified>
    <name>使用状态圈旁边的橙色楔形图标标记重要项。</name>
    <note>
      <text><p><run><lit>也可使用检查器或 </lit></run><run><style><value key="font-family">Approxima Nova</value><value key="font-weight">9</value></style><lit>“编辑”菜单中的“设置标记”</lit></run><run><lit> 命令来设置标记。</lit></run></p></text>
    </note>
    <rank>1431655762</rank>
    <order>parallel</order>
    <flagged>true</flagged>
  </task>
</omnifocus>
