<?xml version="1.0" encoding="utf-8" standalone="no"?>
<omnifocus xmlns="http://www.omnigroup.com/namespace/OmniFocus/v1" app-id="com.omnigroup.OmniFocus2" app-version="87.0.209273" os-name="NSMACHOperatingSystem" os-version="10.9.2" machine-model="MacBookPro10,1">
  <task id="jMDlkGu0Wov">
    <task idref="ptKrTqw4G-q"/>
    <added order="14">2014-03-25T21:24:02.254Z</added>
    <modified>2014-05-08T22:54:01.431Z</modified>
    <name>Welcome to OmniFocus 2! If this is your first time using the app, check out the resources we&apos;ve put together to help get you started. Or, just jump right in and start exploring.</name>
    <rank>-2102744406</rank>
    <order>parallel</order>
  </task>
  <task id="i93xSw0SO69">
    <task idref="ptKrTqw4G-q"/>
    <added order="15">2014-03-25T21:24:02.254Z</added>
    <modified>2014-05-08T21:13:30.871Z</modified>
    <name>Learn More about OmniFocus</name>
    <rank>-2058005163</rank>
    <order>parallel</order>
  </task>
  <task id="ptKrTqw4G-q">
    <project>
      <last-review>2013-03-25T07:00:00.000Z</last-review>
      <next-review>2013-04-01T07:00:00.000Z</next-review>
      <review-interval>@1w</review-interval>
    </project>
    <added order="17">2014-03-25T21:24:02.254Z</added>
    <modified>2014-06-05T19:33:42.902Z</modified>
    <name>Get Started with OmniFocus</name>
    <rank>0</rank>
    <order>parallel</order>
  </task>
  <task id="d_1PT-YQLx2">
    <task idref="g9S6wsxJZCW"/>
    <added order="18">2014-03-25T21:24:02.254Z</added>
    <modified>2014-05-08T22:38:40.543Z</modified>
    <name>Edit an action in detail using the inspector to the right.</name>
    <note>
      <text><p><run><lit>If the inspector isn’t visible, click </lit></run><run><style><value key="font-family">Approxima Nova</value><value key="font-weight">9</value></style><lit>Inspect</lit></run><run><lit> in the toolbar or choose </lit></run><run><style><value key="font-family">Approxima Nova</value><value key="font-weight">9</value></style><lit>Show Inspector</lit></run><run><lit> from the View menu to show it.</lit></run></p></text>
    </note>
    <rank>1789569703</rank>
    <order>parallel</order>
  </task>
  <task id="g9S6wsxJZCW">
    <task idref="ptKrTqw4G-q"/>
    <added order="19">2014-03-25T21:24:02.254Z</added>
    <modified>2014-06-05T19:31:07.640Z</modified>
    <name>Start Adding Tasks and To-Dos</name>
    <rank>-2080374784</rank>
    <order>parallel</order>
  </task>
  <task id="dciH_5jlf5P">
    <task idref="g9S6wsxJZCW"/>
    <added order="20">2014-03-25T21:24:02.254Z</added>
    <modified>2014-05-08T23:00:48.769Z</modified>
    <name>Choose New Project from the File menu to create a new project.</name>
    <note>
      <text><p><run><lit>You can also use the plus button in the bottom bar, or select an existing project in the sidebar and press Return.</lit></run></p></text>
    </note>
    <rank>-1789569707</rank>
    <order>parallel</order>
  </task>
  <task id="dYFtxVXDzRi">
    <task idref="i93xSw0SO69"/>
    <added order="22">2014-03-25T21:24:02.254Z</added>
    <modified>2014-05-08T23:21:49.392Z</modified>
    <name>Make a trip to the official OmniFocus website for our intro videos, support articles, and tons of other great resources.</name>
    <note>
      <text><p><run><style><value key="font-family">Approxima Nova</value><value key="link">http://www.omnigroup.com/video/omnifocus/</value></style><lit>OmniFocus Videos</lit></run></p><p/><p><run><style><value key="font-family">Approxima Nova</value><value key="link">http://support.omnigroup.com/omnifocus</value></style><lit>OmniFocus Support</lit></run></p></text>
    </note>
    <rank>-1431655766</rank>
    <order>parallel</order>
  </task>
  <task id="kgWbsjxVQbh">
    <task idref="g9S6wsxJZCW"/>
    <added order="23">2014-03-25T21:24:02.254Z</added>
    <modified>2014-05-08T22:57:32.925Z</modified>
    <name>Mark an item complete by clicking its status circle to the right.</name>
    <note>
      <text><p><run><lit>Or, select it and press the delete key to remove the item from OmniFocus entirely.</lit></run></p></text>
    </note>
    <rank>1073741821</rank>
    <order>parallel</order>
  </task>
  <task id="mkhn9FEVvtI">
    <task idref="i93xSw0SO69"/>
    <added order="26">2014-03-25T21:24:02.254Z</added>
    <modified>2014-05-08T21:42:57.772Z</modified>
    <name>Last but not least, visit the OmniFocus forums to share your thoughts with other users.</name>
    <note>
      <text><p><run><style><value key="font-family">Approxima Nova</value><value key="font-fill"><color r="0.329412" g="0.329412" b="0.329412"/></value><value key="link">http://www.omnigroup.com/forward/omnifocusforums</value><value key="paragraph-alignment">left</value></style><lit>OmniFocus Forums</lit></run></p></text>
    </note>
    <rank>357913941</rank>
    <order>parallel</order>
  </task>
  <task id="dJgGtnVPjQ8">
    <task idref="i93xSw0SO69"/>
    <added>2014-05-08T20:56:31.584Z</added>
    <modified>2014-05-08T23:22:10.681Z</modified>
    <name>Check out Inside OmniFocus, a repository of knowledge that shares some great ways that super smart folks are getting stuff done with OmniFocus.</name>
    <note>
      <text><p><run><style><value key="font-family">Approxima Nova</value><value key="link">http://inside.omnifocus.com/</value></style><lit>http://inside.omnifocus.com</lit></run></p></text>
    </note>
    <rank>-536870912</rank>
    <order>parallel</order>
  </task>
  <task id="bACWCZn-mmz">
    <task idref="i93xSw0SO69"/>
    <added>2014-05-08T20:58:47.220Z</added>
    <modified>2014-05-08T22:49:51.664Z</modified>
    <name>Visit the in-app help as your first port of call for discovering how OmniFocus can help you organize and accomplish your goals.</name>
    <note>
      <text><p><run><lit>It’s also available as a free downloadable eBook from the iBooks Store, great for searching up exactly the help you need.</lit></run></p></text>
    </note>
    <rank>-1789569707</rank>
    <order>parallel</order>
  </task>
  <task id="asBOH9cgfbp">
    <task idref="ptKrTqw4G-q"/>
    <added>2014-05-08T21:23:52.018Z</added>
    <modified>2014-05-08T23:19:09.101Z</modified>
    <name>Click the note icon near the title of this item to view more information about it. Other tutorial items also have helpful info in the notes!</name>
    <note>
      <text><p><run><lit>You can show and hide all notes at once using </lit></run><run><style><value key="font-family">Approxima Nova</value><value key="font-weight">9</value></style><lit>Show/Hide All Notes </lit></run><run><lit>in the View menu.</lit></run></p></text>
    </note>
    <rank>-2091559595</rank>
    <order>parallel</order>
  </task>
  <task id="f40Vb-SmZYA">
    <task idref="g9S6wsxJZCW"/>
    <added>2014-05-08T21:35:42.237Z</added>
    <modified>2014-05-08T22:35:34.443Z</modified>
    <name>Add an action to this project by clicking New Action in the toolbar.</name>
    <note>
      <text><p><run><lit>You can also hit Return to add a new action, or choose </lit></run><run><style><value key="font-family">Approxima Nova</value><value key="font-weight">9</value></style><lit>New Action</lit></run><run><lit> from the File menu.</lit></run></p></text>
    </note>
    <rank>-1968526678</rank>
    <order>parallel</order>
  </task>
  <task id="mlVtzIsnOPF">
    <task idref="g9S6wsxJZCW"/>
    <added>2014-06-05T19:27:07.420Z</added>
    <modified>2014-06-05T19:33:42.902Z</modified>
    <name>Use the orange wedge next to the status circle to flag an item of importance.</name>
    <note>
      <text><p><run><lit>A flag can also be set using the inspector or the </lit></run><run><style><value key="font-family">Approxima Nova</value><value key="font-weight">9</value></style><lit>Set Flag</lit></run><run><lit> command in the Edit menu.</lit></run></p></text>
    </note>
    <rank>1431655762</rank>
    <order>parallel</order>
    <flagged>true</flagged>
  </task>
</omnifocus>
